params,mean_val_score,std_val_score
"{'activation': 'tanh', 'alpha': 0.001, 'learning_rate': 'constant', 'solver': 'lbfgs'}",0.853003003003003,0.05650196236441981
"{'activation': 'tanh', 'alpha': 0.001, 'learning_rate': 'constant', 'solver': 'sgd'}",0.830930930930931,0.06505921279602228
"{'activation': 'tanh', 'alpha': 0.001, 'learning_rate': 'constant', 'solver': 'adam'}",0.8752252252252253,0.046716728513384397
"{'activation': 'tanh', 'alpha': 0.001, 'learning_rate': 'invscaling', 'solver': 'lbfgs'}",0.8475975975975976,0.05095822686308045
"{'activation': 'tanh', 'alpha': 0.001, 'learning_rate': 'invscaling', 'solver': 'sgd'}",0.6792792792792792,0.12849765282648962
"{'activation': 'tanh', 'alpha': 0.001, 'learning_rate': 'invscaling', 'solver': 'adam'}",0.8421921921921921,0.040624981573738665
"{'activation': 'tanh', 'alpha': 0.001, 'learning_rate': 'adaptive', 'solver': 'lbfgs'}",0.863963963963964,0.07485613721744501
"{'activation': 'tanh', 'alpha': 0.001, 'learning_rate': 'adaptive', 'solver': 'sgd'}",0.8093093093093093,0.05887724172085272
"{'activation': 'tanh', 'alpha': 0.001, 'learning_rate': 'adaptive', 'solver': 'adam'}",0.863963963963964,0.05178417247999971
"{'activation': 'tanh', 'alpha': 0.01, 'learning_rate': 'constant', 'solver': 'lbfgs'}",0.8148648648648649,0.05662791037772152
"{'activation': 'tanh', 'alpha': 0.01, 'learning_rate': 'constant', 'solver': 'sgd'}",0.831081081081081,0.05439084269594084
"{'activation': 'tanh', 'alpha': 0.01, 'learning_rate': 'constant', 'solver': 'adam'}",0.852852852852853,0.05969861208307113
"{'activation': 'tanh', 'alpha': 0.01, 'learning_rate': 'invscaling', 'solver': 'lbfgs'}",0.8148648648648649,0.04827181378241013
"{'activation': 'tanh', 'alpha': 0.01, 'learning_rate': 'invscaling', 'solver': 'sgd'}",0.6741741741741742,0.0693817182825624
"{'activation': 'tanh', 'alpha': 0.01, 'learning_rate': 'invscaling', 'solver': 'adam'}",0.8367867867867866,0.039014776475254156
"{'activation': 'tanh', 'alpha': 0.01, 'learning_rate': 'adaptive', 'solver': 'lbfgs'}",0.842042042042042,0.06374859765926892
"{'activation': 'tanh', 'alpha': 0.01, 'learning_rate': 'adaptive', 'solver': 'sgd'}",0.8366366366366366,0.06272179935400686
"{'activation': 'tanh', 'alpha': 0.01, 'learning_rate': 'adaptive', 'solver': 'adam'}",0.853003003003003,0.0743635956552209
"{'activation': 'tanh', 'alpha': 0.1, 'learning_rate': 'constant', 'solver': 'lbfgs'}",0.8367867867867869,0.059728061371427936
"{'activation': 'tanh', 'alpha': 0.1, 'learning_rate': 'constant', 'solver': 'sgd'}",0.8037537537537538,0.063033741216995
"{'activation': 'tanh', 'alpha': 0.1, 'learning_rate': 'constant', 'solver': 'adam'}",0.8747747747747748,0.05882820799032256
"{'activation': 'tanh', 'alpha': 0.1, 'learning_rate': 'invscaling', 'solver': 'lbfgs'}",0.8477477477477476,0.065487502145536
"{'activation': 'tanh', 'alpha': 0.1, 'learning_rate': 'invscaling', 'solver': 'sgd'}",0.43843843843843855,0.24832492599913542
"{'activation': 'tanh', 'alpha': 0.1, 'learning_rate': 'invscaling', 'solver': 'adam'}",0.8588588588588589,0.03924638859508598
"{'activation': 'tanh', 'alpha': 0.1, 'learning_rate': 'adaptive', 'solver': 'lbfgs'}",0.8475975975975976,0.06595335731284897
"{'activation': 'tanh', 'alpha': 0.1, 'learning_rate': 'adaptive', 'solver': 'sgd'}",0.7984984984984985,0.0732289532679106
"{'activation': 'tanh', 'alpha': 0.1, 'learning_rate': 'adaptive', 'solver': 'adam'}",0.8585585585585586,0.058078419680310606
"{'activation': 'tanh', 'alpha': 0.5, 'learning_rate': 'constant', 'solver': 'lbfgs'}",0.8533033033033032,0.055526329460477065
"{'activation': 'tanh', 'alpha': 0.5, 'learning_rate': 'constant', 'solver': 'sgd'}",0.8256756756756758,0.04281886356149964
"{'activation': 'tanh', 'alpha': 0.5, 'learning_rate': 'constant', 'solver': 'adam'}",0.8588588588588589,0.07306621658015879
"{'activation': 'tanh', 'alpha': 0.5, 'learning_rate': 'invscaling', 'solver': 'lbfgs'}",0.8533033033033032,0.055526329460477065
"{'activation': 'tanh', 'alpha': 0.5, 'learning_rate': 'invscaling', 'solver': 'sgd'}",0.6966966966966968,0.1308565234753023
"{'activation': 'tanh', 'alpha': 0.5, 'learning_rate': 'invscaling', 'solver': 'adam'}",0.8641141141141141,0.05671225037331412
"{'activation': 'tanh', 'alpha': 0.5, 'learning_rate': 'adaptive', 'solver': 'lbfgs'}",0.8478978978978979,0.04990680201220353
"{'activation': 'tanh', 'alpha': 0.5, 'learning_rate': 'adaptive', 'solver': 'sgd'}",0.8256756756756758,0.054792256574900805
"{'activation': 'tanh', 'alpha': 0.5, 'learning_rate': 'adaptive', 'solver': 'adam'}",0.8641141141141141,0.04524978495566615
"{'activation': 'relu', 'alpha': 0.001, 'learning_rate': 'constant', 'solver': 'lbfgs'}",0.8423423423423424,0.06931669932133817
"{'activation': 'relu', 'alpha': 0.001, 'learning_rate': 'constant', 'solver': 'sgd'}",0.831081081081081,0.04230398876350955
"{'activation': 'relu', 'alpha': 0.001, 'learning_rate': 'constant', 'solver': 'adam'}",0.8587087087087089,0.0550713416623593
"{'activation': 'relu', 'alpha': 0.001, 'learning_rate': 'invscaling', 'solver': 'lbfgs'}",0.8366366366366368,0.07143360846321381
"{'activation': 'relu', 'alpha': 0.001, 'learning_rate': 'invscaling', 'solver': 'sgd'}",0.5048048048048048,0.1459175196924064
"{'activation': 'relu', 'alpha': 0.001, 'learning_rate': 'invscaling', 'solver': 'adam'}",0.8534534534534535,0.05525525525525525
"{'activation': 'relu', 'alpha': 0.001, 'learning_rate': 'adaptive', 'solver': 'lbfgs'}",0.8367867867867869,0.05972806137142794
"{'activation': 'relu', 'alpha': 0.001, 'learning_rate': 'adaptive', 'solver': 'sgd'}",0.8364864864864865,0.05610956619466676
"{'activation': 'relu', 'alpha': 0.001, 'learning_rate': 'adaptive', 'solver': 'adam'}",0.8477477477477476,0.02797148593920724
"{'activation': 'relu', 'alpha': 0.01, 'learning_rate': 'constant', 'solver': 'lbfgs'}",0.8477477477477479,0.06086250722181814
"{'activation': 'relu', 'alpha': 0.01, 'learning_rate': 'constant', 'solver': 'sgd'}",0.7876876876876877,0.03838209083164075
"{'activation': 'relu', 'alpha': 0.01, 'learning_rate': 'constant', 'solver': 'adam'}",0.8642642642642642,0.05641810722314655
"{'activation': 'relu', 'alpha': 0.01, 'learning_rate': 'invscaling', 'solver': 'lbfgs'}",0.8312312312312313,0.0446388088313803
"{'activation': 'relu', 'alpha': 0.01, 'learning_rate': 'invscaling', 'solver': 'sgd'}",0.46741741741741744,0.1464403568400623
"{'activation': 'relu', 'alpha': 0.01, 'learning_rate': 'invscaling', 'solver': 'adam'}",0.8423423423423422,0.060299821732185635
"{'activation': 'relu', 'alpha': 0.01, 'learning_rate': 'adaptive', 'solver': 'lbfgs'}",0.8475975975975976,0.05095822686308043
"{'activation': 'relu', 'alpha': 0.01, 'learning_rate': 'adaptive', 'solver': 'sgd'}",0.8091591591591591,0.07693843725167765
"{'activation': 'relu', 'alpha': 0.01, 'learning_rate': 'adaptive', 'solver': 'adam'}",0.8588588588588589,0.054783203608366984
"{'activation': 'relu', 'alpha': 0.1, 'learning_rate': 'constant', 'solver': 'lbfgs'}",0.8478978978978979,0.05275294269567475
"{'activation': 'relu', 'alpha': 0.1, 'learning_rate': 'constant', 'solver': 'sgd'}",0.8253753753753754,0.0888904106679248
"{'activation': 'relu', 'alpha': 0.1, 'learning_rate': 'constant', 'solver': 'adam'}",0.8641141141141141,0.02964467464254903
"{'activation': 'relu', 'alpha': 0.1, 'learning_rate': 'invscaling', 'solver': 'lbfgs'}",0.8424924924924925,0.05484983135338695
"{'activation': 'relu', 'alpha': 0.1, 'learning_rate': 'invscaling', 'solver': 'sgd'}",0.4448948948948949,0.16124728019428652
"{'activation': 'relu', 'alpha': 0.1, 'learning_rate': 'invscaling', 'solver': 'adam'}",0.8695195195195196,0.03599973146219336
"{'activation': 'relu', 'alpha': 0.1, 'learning_rate': 'adaptive', 'solver': 'lbfgs'}",0.8424924924924925,0.05484983135338695
"{'activation': 'relu', 'alpha': 0.1, 'learning_rate': 'adaptive', 'solver': 'sgd'}",0.8036036036036036,0.07459546502516923
"{'activation': 'relu', 'alpha': 0.1, 'learning_rate': 'adaptive', 'solver': 'adam'}",0.8641141141141141,0.04524978495566615
"{'activation': 'relu', 'alpha': 0.5, 'learning_rate': 'constant', 'solver': 'lbfgs'}",0.8424924924924925,0.05484983135338695
"{'activation': 'relu', 'alpha': 0.5, 'learning_rate': 'constant', 'solver': 'sgd'}",0.8255255255255255,0.05829539697320209
"{'activation': 'relu', 'alpha': 0.5, 'learning_rate': 'constant', 'solver': 'adam'}",0.8585585585585586,0.043728508466708456
"{'activation': 'relu', 'alpha': 0.5, 'learning_rate': 'invscaling', 'solver': 'lbfgs'}",0.8534534534534535,0.05525525525525525
"{'activation': 'relu', 'alpha': 0.5, 'learning_rate': 'invscaling', 'solver': 'sgd'}",0.4363363363363363,0.19371487651006372
"{'activation': 'relu', 'alpha': 0.5, 'learning_rate': 'invscaling', 'solver': 'adam'}",0.863963963963964,0.06436241837654683
"{'activation': 'relu', 'alpha': 0.5, 'learning_rate': 'adaptive', 'solver': 'lbfgs'}",0.8531531531531533,0.06094246675779373
"{'activation': 'relu', 'alpha': 0.5, 'learning_rate': 'adaptive', 'solver': 'sgd'}",0.8363363363363364,0.0665149912717705
"{'activation': 'relu', 'alpha': 0.5, 'learning_rate': 'adaptive', 'solver': 'adam'}",0.8749249249249249,0.053136184325893655
