params,mean_val_score,std_val_score
"{'activation': 'tanh', 'alpha': 0.001, 'learning_rate': 'constant', 'solver': 'lbfgs'}",0.8858858858858859,0.020099940577395205
"{'activation': 'tanh', 'alpha': 0.001, 'learning_rate': 'constant', 'solver': 'sgd'}",0.8749249249249249,0.022044987570249787
"{'activation': 'tanh', 'alpha': 0.001, 'learning_rate': 'constant', 'solver': 'adam'}",0.9238738738738739,0.026588026240313003
"{'activation': 'tanh', 'alpha': 0.001, 'learning_rate': 'invscaling', 'solver': 'lbfgs'}",0.8966966966966968,0.020420420420420433
"{'activation': 'tanh', 'alpha': 0.001, 'learning_rate': 'invscaling', 'solver': 'sgd'}",0.5927927927927927,0.10119006185296558
"{'activation': 'tanh', 'alpha': 0.001, 'learning_rate': 'invscaling', 'solver': 'adam'}",0.9184684684684685,0.01711711711711712
"{'activation': 'tanh', 'alpha': 0.001, 'learning_rate': 'adaptive', 'solver': 'lbfgs'}",0.8968468468468469,0.01975829927879396
"{'activation': 'tanh', 'alpha': 0.001, 'learning_rate': 'adaptive', 'solver': 'sgd'}",0.8749249249249249,0.022044987570249787
"{'activation': 'tanh', 'alpha': 0.001, 'learning_rate': 'adaptive', 'solver': 'adam'}",0.9238738738738739,0.026588026240313003
"{'activation': 'tanh', 'alpha': 0.01, 'learning_rate': 'constant', 'solver': 'lbfgs'}",0.8912912912912911,0.024203533549080947
"{'activation': 'tanh', 'alpha': 0.01, 'learning_rate': 'constant', 'solver': 'sgd'}",0.8695195195195196,0.03985178466917001
"{'activation': 'tanh', 'alpha': 0.01, 'learning_rate': 'constant', 'solver': 'adam'}",0.9184684684684685,0.029620328329321818
"{'activation': 'tanh', 'alpha': 0.01, 'learning_rate': 'invscaling', 'solver': 'lbfgs'}",0.8963963963963965,0.03736295739338327
"{'activation': 'tanh', 'alpha': 0.01, 'learning_rate': 'invscaling', 'solver': 'sgd'}",0.6569069069069069,0.14780297559070774
"{'activation': 'tanh', 'alpha': 0.01, 'learning_rate': 'invscaling', 'solver': 'adam'}",0.912912912912913,0.03195059718503399
"{'activation': 'tanh', 'alpha': 0.01, 'learning_rate': 'adaptive', 'solver': 'lbfgs'}",0.9018018018018019,0.03826443348035189
"{'activation': 'tanh', 'alpha': 0.01, 'learning_rate': 'adaptive', 'solver': 'sgd'}",0.8857357357357358,0.02712860457914555
"{'activation': 'tanh', 'alpha': 0.01, 'learning_rate': 'adaptive', 'solver': 'adam'}",0.9238738738738739,0.026588026240313003
"{'activation': 'tanh', 'alpha': 0.1, 'learning_rate': 'constant', 'solver': 'lbfgs'}",0.8857357357357358,0.021066017906661356
"{'activation': 'tanh', 'alpha': 0.1, 'learning_rate': 'constant', 'solver': 'sgd'}",0.8911411411411411,0.03877829300343831
"{'activation': 'tanh', 'alpha': 0.1, 'learning_rate': 'constant', 'solver': 'adam'}",0.912912912912913,0.03195059718503399
"{'activation': 'tanh', 'alpha': 0.1, 'learning_rate': 'invscaling', 'solver': 'lbfgs'}",0.8804804804804807,0.02735206615432001
"{'activation': 'tanh', 'alpha': 0.1, 'learning_rate': 'invscaling', 'solver': 'sgd'}",0.6102102102102103,0.17385701682225643
"{'activation': 'tanh', 'alpha': 0.1, 'learning_rate': 'invscaling', 'solver': 'adam'}",0.9183183183183182,0.03017382987887203
"{'activation': 'tanh', 'alpha': 0.1, 'learning_rate': 'adaptive', 'solver': 'lbfgs'}",0.8911411411411411,0.0250440368223043
"{'activation': 'tanh', 'alpha': 0.1, 'learning_rate': 'adaptive', 'solver': 'sgd'}",0.8749249249249249,0.027895618884339675
"{'activation': 'tanh', 'alpha': 0.1, 'learning_rate': 'adaptive', 'solver': 'adam'}",0.9184684684684685,0.01711711711711712
"{'activation': 'tanh', 'alpha': 0.5, 'learning_rate': 'constant', 'solver': 'lbfgs'}",0.8914414414414414,0.03384079274052784
"{'activation': 'tanh', 'alpha': 0.5, 'learning_rate': 'constant', 'solver': 'sgd'}",0.9021021021021021,0.027822786358920045
"{'activation': 'tanh', 'alpha': 0.5, 'learning_rate': 'constant', 'solver': 'adam'}",0.9184684684684685,0.029620328329321818
"{'activation': 'tanh', 'alpha': 0.5, 'learning_rate': 'invscaling', 'solver': 'lbfgs'}",0.896996996996997,0.039356528349323426
"{'activation': 'tanh', 'alpha': 0.5, 'learning_rate': 'invscaling', 'solver': 'sgd'}",0.45675675675675675,0.045546755530683006
"{'activation': 'tanh', 'alpha': 0.5, 'learning_rate': 'invscaling', 'solver': 'adam'}",0.9184684684684685,0.029620328329321818
"{'activation': 'tanh', 'alpha': 0.5, 'learning_rate': 'adaptive', 'solver': 'lbfgs'}",0.8860360360360362,0.031064756125345348
"{'activation': 'tanh', 'alpha': 0.5, 'learning_rate': 'adaptive', 'solver': 'sgd'}",0.8965465465465465,0.02144783343623916
"{'activation': 'tanh', 'alpha': 0.5, 'learning_rate': 'adaptive', 'solver': 'adam'}",0.9294294294294294,0.027391601804183503
"{'activation': 'relu', 'alpha': 0.001, 'learning_rate': 'constant', 'solver': 'lbfgs'}",0.8584084084084085,0.041042383825295244
"{'activation': 'relu', 'alpha': 0.001, 'learning_rate': 'constant', 'solver': 'sgd'}",0.8804804804804807,0.02135301962117859
"{'activation': 'relu', 'alpha': 0.001, 'learning_rate': 'constant', 'solver': 'adam'}",0.9021021021021021,0.027822786358920045
"{'activation': 'relu', 'alpha': 0.001, 'learning_rate': 'invscaling', 'solver': 'lbfgs'}",0.863963963963964,0.034938233206604184
"{'activation': 'relu', 'alpha': 0.001, 'learning_rate': 'invscaling', 'solver': 'sgd'}",0.5288288288288289,0.18780272750696048
"{'activation': 'relu', 'alpha': 0.001, 'learning_rate': 'invscaling', 'solver': 'adam'}",0.8968468468468469,0.031221123335429625
"{'activation': 'relu', 'alpha': 0.001, 'learning_rate': 'adaptive', 'solver': 'lbfgs'}",0.863963963963964,0.030471233378896883
"{'activation': 'relu', 'alpha': 0.001, 'learning_rate': 'adaptive', 'solver': 'sgd'}",0.8749249249249249,0.022044987570249787
"{'activation': 'relu', 'alpha': 0.001, 'learning_rate': 'adaptive', 'solver': 'adam'}",0.9021021021021021,0.03685750388604508
"{'activation': 'relu', 'alpha': 0.01, 'learning_rate': 'constant', 'solver': 'lbfgs'}",0.8695195195195196,0.03168274908182963
"{'activation': 'relu', 'alpha': 0.01, 'learning_rate': 'constant', 'solver': 'sgd'}",0.8857357357357358,0.021066017906661356
"{'activation': 'relu', 'alpha': 0.01, 'learning_rate': 'constant', 'solver': 'adam'}",0.8966966966966968,0.02663038952239682
"{'activation': 'relu', 'alpha': 0.01, 'learning_rate': 'invscaling', 'solver': 'lbfgs'}",0.8585585585585586,0.036439186335417456
"{'activation': 'relu', 'alpha': 0.01, 'learning_rate': 'invscaling', 'solver': 'sgd'}",0.41291291291291293,0.12206385324474088
"{'activation': 'relu', 'alpha': 0.01, 'learning_rate': 'invscaling', 'solver': 'adam'}",0.8966966966966968,0.020420420420420433
"{'activation': 'relu', 'alpha': 0.01, 'learning_rate': 'adaptive', 'solver': 'lbfgs'}",0.8803303303303303,0.037022289626770614
"{'activation': 'relu', 'alpha': 0.01, 'learning_rate': 'adaptive', 'solver': 'sgd'}",0.8749249249249249,0.04067822243957948
"{'activation': 'relu', 'alpha': 0.01, 'learning_rate': 'adaptive', 'solver': 'adam'}",0.9075075075075075,0.022100143535104037
"{'activation': 'relu', 'alpha': 0.1, 'learning_rate': 'constant', 'solver': 'lbfgs'}",0.8749249249249249,0.027895618884339675
"{'activation': 'relu', 'alpha': 0.1, 'learning_rate': 'constant', 'solver': 'sgd'}",0.8695195195195196,0.04336298902619323
"{'activation': 'relu', 'alpha': 0.1, 'learning_rate': 'constant', 'solver': 'adam'}",0.8857357357357358,0.021066017906661356
"{'activation': 'relu', 'alpha': 0.1, 'learning_rate': 'invscaling', 'solver': 'lbfgs'}",0.8585585585585586,0.021242929950543415
"{'activation': 'relu', 'alpha': 0.1, 'learning_rate': 'invscaling', 'solver': 'sgd'}",0.3963963963963964,0.06344798869066309
"{'activation': 'relu', 'alpha': 0.1, 'learning_rate': 'invscaling', 'solver': 'adam'}",0.9021021021021021,0.027822786358920045
"{'activation': 'relu', 'alpha': 0.1, 'learning_rate': 'adaptive', 'solver': 'lbfgs'}",0.8641141141141141,0.034219742994804195
"{'activation': 'relu', 'alpha': 0.1, 'learning_rate': 'adaptive', 'solver': 'sgd'}",0.8965465465465468,0.03231683324591654
"{'activation': 'relu', 'alpha': 0.1, 'learning_rate': 'adaptive', 'solver': 'adam'}",0.8858858858858859,0.03578491077421316
"{'activation': 'relu', 'alpha': 0.5, 'learning_rate': 'constant', 'solver': 'lbfgs'}",0.8806306306306307,0.03620456089623445
"{'activation': 'relu', 'alpha': 0.5, 'learning_rate': 'constant', 'solver': 'sgd'}",0.8857357357357358,0.04015611303793254
"{'activation': 'relu', 'alpha': 0.5, 'learning_rate': 'constant', 'solver': 'adam'}",0.8966966966966968,0.02663038952239682
"{'activation': 'relu', 'alpha': 0.5, 'learning_rate': 'invscaling', 'solver': 'lbfgs'}",0.886036036036036,0.03936225635126754
"{'activation': 'relu', 'alpha': 0.5, 'learning_rate': 'invscaling', 'solver': 'sgd'}",0.6903903903903904,0.05470413230864
"{'activation': 'relu', 'alpha': 0.5, 'learning_rate': 'invscaling', 'solver': 'adam'}",0.8966966966966968,0.02663038952239682
"{'activation': 'relu', 'alpha': 0.5, 'learning_rate': 'adaptive', 'solver': 'lbfgs'}",0.8914414414414414,0.04496389085934335
"{'activation': 'relu', 'alpha': 0.5, 'learning_rate': 'adaptive', 'solver': 'sgd'}",0.8750750750750751,0.021200435549216558
"{'activation': 'relu', 'alpha': 0.5, 'learning_rate': 'adaptive', 'solver': 'adam'}",0.9076576576576578,0.027399831217559536
